StatementAccount,QBAccount
Bank charges,Bank Service Charges
Bank Charges,Bank Service Charges
Meals and entertainment,Meals and Entertainment
Meals and Entertainment,Meals and Entertainment
Vehicle expense,Vehicle Expenses
Vehicle Expense,Vehicle Expenses
Vehicle expenses - other,Vehicle Expenses
Vehicle Expenses - Other,Vehicle Expenses
Office expense,Office Supplies
Office Expense,Office Supplies
Office supplies - other,Office Supplies
Office Supplies - Other,Office Supplies
Due to shareholder,Due to (from) shareholder
Due to Shareholder,Due to (from) shareholder
Due to (from) shareholder - Other,Due to (from) shareholder
AMA,Due to (from) shareholder
Sales,Service Income
Service income,Service Income
BMO 7779,BMO-7779
BMO 2589,BMO World Elite Mastercard 2589
BMO Mastercard - 2589,BMO World Elite Mastercard 2589
BMO cheq. - 7779,BMO-7779
all_transactions Scotia Visa,Scotia Visa
Scotia Visa,Scotia Visa
Payroll Liability,Payroll Liabilities
Professional fees,Professional Fees
Insurance expense,Insurance Expense
Rent expense,Rent Expense
Subcontractor,Subcontractor
Interest expense,Interest Expense
Dues and subscriptions,Dues and Subscriptions
Equipment rental,Equipment Rental
License and registration fees,License and registration fees
Computer and internet expenses,Computer and Internet Expenses
WSIB insurance expense,WSIB Insurance Expense
Uniforms,Uniforms
Fuel,Fuel
Lease expense,Vehicle Expenses:Lease Expense
Lease Expense,Vehicle Expenses:Lease Expense
Mercedez Lease payment,Vehicle Expenses:Lease Expense
Towing service cost,Towing Service cost
Payroll expenses - other,Payroll Expenses
Payroll Expenses - Other,Payroll Expenses
Bonus,Bonus
Truck rental cost,Truck Rental Cost
Gain on sale of asset,Gain on sale of Asset
Other income,Other Income
GST/HST Payable,GST/HST Payable
Opening Bal Equity,Opening Balance Equity
Opening Balance Equity,Opening Balance Equity
Repair and maintenance,Repairs and Maintenance
Repairs and maintenance,Repairs and Maintenance
Repair & Maintenance,Repairs and Maintenance
Travel expense,Travel Expense
Travel Expense,Travel Expense
Advertising,Advertising and Promotion
Advertising and Promotion,Advertising and Promotion
Telephone Expense,Telephone Expense
Carbon tax refund,Other Income
HST Refund,HST Recoverable
